Título,Categoria Nível 1,Categoria Nível 2,Categoria Nível 3
Store machine lawyer seek.,Jogos,Discos,Tablets Android
As shoulder party rise.,Automóvel,Tênis,Chuteiras
Anyone head determine.,Moda,Romances,Jogos de Console de Esporte
Nice great fish drug.,Beleza,Jogos de Tabuleiro,Tablets Android
Medical seem bill himself public.,Moda,Notebooks,iPhones
Single speech sometimes medical.,Beleza,Basquete,Violões
Memory save lead response realize.,Jogos,Basquete,Perfumes Femininos
Drop music issue.,Beleza,Telefones Celulares,Baterias
Try item bill always.,Esportes,Motos,Jogos de Console de Esporte
Be television near play.,Automóvel,Motos,Pianos
Structure region young.,Moda,Componentes,Baterias
Suggest according recently evidence.,Eletrônicos,Tênis,Sapatilhas de Basquete
Minute player.,Música,Perfumes,Sapatos de Salto
Often it guy.,Beleza,Componentes,Sapatos de Salto
Decision who kid.,Jogos,Tênis,Perfumes Femininos
Control enjoy.,Eletrônicos,Tênis,Discos de Vinil
Imagine show land.,Moda,Móveis,Processadores
Different plan red.,Informática,Roupas,Livros de Autoajuda
Rule group technology.,Música,Telefones Celulares,Motos de Passeio
Office plant whole.,Beleza,Acessórios,Jogos de Console de Ação
Catch have.,Informática,Roupas,Tablets Android
Third provide in citizen food.,Beleza,Romances,Bolas de Futebol
Peace however month ground rest.,Música,Jogos de Console,Camisetas
Anyone husband wait.,Informática,Autoajuda,Livros de Autoajuda
Cup be TV.,Livros,Móveis,Perfumes Femininos
Have international himself white effect.,Eletrônicos,Jogos de Tabuleiro,Raquetes de Tênis
Have upon employee out safe.,Música,Discos,Pianos
Something card those process contain.,Esportes,Discos,Violões
Court travel doctor data measure.,Esportes,Perfumes,Tênis de Corrida
Girl rate left.,Jogos,Componentes,Sapatos Casuais
Manager rather fill.,Moda,Telefones Celulares,Vestidos
Eat near me home ability.,Casa e Escritório,Maquiagem,Mesas
Consider Mr order might assume.,Jogos,Romances,Jogos de Tabuleiro Clássicos
Evidence someone member art next.,Jogos,Carros,Livros de Romance
Now almost like.,Eletrônicos,Romances,Camisetas
Hard range company usually no.,Esportes,Carros,Sapatos de Salto
Beat discover stay maintain summer.,Informática,Discos,Sofás
Thing organization fall environmental late.,Jogos,Decoração,Motos de Passeio
Tend risk our view.,Beleza,Jogos de Tabuleiro,Cadeiras
Light require nation subject term.,Automóvel,Notebooks,Discos de Pop
Traditional major series run protect.,Casa e Escritório,Notebooks,Memórias RAM
Though artist check.,Livros,Basquete,Perfumes Femininos
Ahead American character.,Livros,Roupas,Jogos de Tabuleiro Clássicos
Explain fight well term.,Moda,Notebooks,Sapatos Casuais
Attorney my painting.,Livros,Sapatos,Notebooks Ultraleves
Exist newspaper various health.,Livros,Autoajuda,Sofás
Way about again speech.,Jogos,Telefones Celulares,Raquetes de Tênis
College marriage collection.,Livros,Motos,Chuteiras
Available court.,Livros,Futebol,Motos de Passeio
Watch community yet.,Jogos,Basquete,Sapatos de Salto
Speech sound baby speech sit.,Beleza,Romances,iPads
Yes together population fast how.,Automóvel,Decoração,Discos de Vinil
Fine science huge.,Automóvel,Componentes,Maquiagem de Olhos
Middle southern top.,Música,Tênis,Maquiagem de Rosto
Region any.,Jogos,Basquete,Carros SUV
Yeah term show significant.,Informática,Perfumes,Jogos de Tabuleiro Estratégicos
Serve a friend degree.,Beleza,Maquiagem,Baterias
Month gas make.,Eletrônicos,Futebol,Perfumes Masculinos
Each half now.,Música,Romances,Livros de Romance
Standard movie.,Automóvel,Autoajuda,Sapatos Casuais
Big big plant.,Moda,Perfumes,Calças
Movie blood interview hour.,Informática,Decoração,Livros de Romance
Exist fall phone effort result.,Livros,Decoração,Sapatos de Salto
Build eat shake debate.,Informática,Telefones Celulares,Motos Esportivas
Successful choice design step between.,Informática,Maquiagem,Bolas de Futebol
Such before most.,Livros,Componentes,Motos Esportivas
Factor less up them.,Casa e Escritório,Maquiagem,Baterias
Serve time degree several.,Eletrônicos,Sapatos,Sofás
Entire choice also pick.,Livros,Notebooks,iPhones
Animal bill.,Automóvel,Instrumentos Musicais,Bolas de Futebol
Trouble charge price.,Eletrônicos,Perfumes,Motos Esportivas
Power edge.,Música,Acessórios,Mesas
Federal surface process run different.,Beleza,Tablets,Pianos
Rather term them.,Beleza,Instrumentos Musicais,Cadeiras
Role office miss number.,Automóvel,Roupas,Jogos de Tabuleiro Estratégicos
Late politics since.,Beleza,Perfumes,Sapatos Casuais
Bag another west impact live.,Jogos,Motos,Violões
Accept success lose late.,Beleza,Perfumes,Discos de Pop
Help more here.,Beleza,Perfumes,Baterias
Sense opportunity necessary.,Beleza,Jogos de Tabuleiro,Camisetas
Accept drug apply.,Moda,Perfumes,Pianos
Full everybody fear.,Casa e Escritório,Notebooks,Notebooks Gamer
Letter month.,Livros,Motos,Maquiagem de Olhos
Land culture almost.,Eletrônicos,Jogos de Tabuleiro,Jogos de Tabuleiro Estratégicos
Lot trip assume.,Jogos,Jogos de Console,Notebooks Gamer
Get myself degree figure.,Informática,Instrumentos Musicais,Sapatos Casuais
Ready serve second especially.,Moda,Componentes,Smartphones
Month really land number change.,Beleza,Acessórios,Baterias
Behavior affect floor.,Casa e Escritório,Sapatos,Cadeiras
Tax also wall.,Informática,Perfumes,Livros de Romance
Fast law any way.,Esportes,Jogos de Console,Perfumes Masculinos
Member fine theory quite.,Jogos,Tênis,Notebooks Ultraleves
Expect example machine face.,Livros,Carros,Carros SUV
Task particular not sound change.,Livros,Notebooks,Maquiagem de Olhos
Possible material year.,Informática,Notebooks,Chuteiras
Grow side nature scene church.,Informática,Futebol,Notebooks Ultraleves
Top call none section wrong.,Livros,Sapatos,Sapatilhas de Basquete
Go different worker away.,Beleza,Perfumes,Tênis de Corrida
Start under.,Eletrônicos,Motos,Camisetas
Hour dark TV.,Casa e Escritório,Perfumes,Sofás
Model base woman.,Livros,Tênis,Discos de Pop
Quality act.,Eletrônicos,Acessórios,Vestidos
Game something moment policy.,Informática,Instrumentos Musicais,Livros de Autoajuda
Friend material throughout explain.,Música,Romances,Discos de Vinil
Voice fight few.,Informática,Carros,Motos Esportivas
Matter realize simple mention receive.,Moda,Tênis,Discos de Vinil
Especially mention stay.,Esportes,Carros,Livros de Autoajuda
Skill career.,Informática,Telefones Celulares,Livros de Romance
Power eye for.,Música,Roupas,Jogos de Console de Ação
Although company involve audience dinner.,Automóvel,Discos,Tablets Android
Include them later art.,Música,Tablets,iPhones
Indeed generation society society.,Beleza,Sapatos,Discos de Rock
Difference modern.,Música,Discos,Motos Esportivas
Condition business identify lead.,Moda,Jogos de Tabuleiro,Jogos de Console de Ação
Film determine be.,Música,Jogos de Console,Raquetes de Tênis
Mention off.,Moda,Discos,Raquetes de Tênis
Green relationship discuss occur.,Música,Telefones Celulares,Jogos de Tabuleiro Clássicos
Until take fish bank.,Moda,Roupas,Notebooks Gamer
Gas religious white usually option.,Casa e Escritório,Telefones Celulares,Livros de Autoajuda
Back even left history.,Jogos,Sapatos,Sapatilhas de Basquete
Value finally west officer.,Automóvel,Perfumes,Processadores
Eye must say amount.,Livros,Carros,Tablets Android
Contain agency no.,Automóvel,Discos,Placas de Vídeo
Quickly protect catch.,Casa e Escritório,Móveis,Cadeiras
Left cup.,Eletrônicos,Acessórios,Smartphones
Price man natural fire.,Informática,Carros,Notebooks Ultraleves
Late later particular low.,Informática,Jogos de Tabuleiro,Raquetes de Tênis
Record trip top.,Casa e Escritório,Jogos de Console,Motos Esportivas
Water big outside type.,Livros,Instrumentos Musicais,Discos de Vinil
Hospital it once report.,Eletrônicos,Jogos de Tabuleiro,Carros Sedan
Drug him week question decide.,Informática,Discos,Carros SUV
Certainly interest recently.,Eletrônicos,Motos,Smartphones
Husband top black.,Livros,Perfumes,Notebooks Ultraleves
Break dog Mrs anything.,Eletrônicos,Móveis,Pianos
Relate much song.,Jogos,Notebooks,Perfumes Masculinos
Note list.,Informática,Maquiagem,Perfumes Masculinos
Concern they education school watch.,Livros,Carros,Livros de Romance
Listen other third go.,Casa e Escritório,Autoajuda,Sofás
Order score father.,Jogos,Carros,Jogos de Console de Esporte
Test serious which.,Livros,Notebooks,Mesas
Letter language north.,Livros,Discos,Notebooks Gamer
Mind young yet.,Eletrônicos,Notebooks,Quadros
Media business.,Beleza,Roupas,Quadros
Court race partner number.,Informática,Autoajuda,Perfumes Masculinos
Structure child body assume.,Casa e Escritório,Jogos de Console,Baterias
Public news laugh.,Beleza,Decoração,Raquetes de Tênis
Lead heart according staff.,Informática,Romances,Perfumes Femininos
However clearly quickly.,Automóvel,Basquete,Vestidos
Letter imagine phone goal I.,Música,Decoração,Notebooks Gamer
Be we offer reach four.,Beleza,Carros,Smartphones
Work city after father.,Jogos,Notebooks,Sapatilhas de Basquete
Someone medical everything television on.,Automóvel,Notebooks,Discos de Pop
Set firm Mrs.,Beleza,Telefones Celulares,Tablets Android
Risk let think miss.,Eletrônicos,Discos,Sofás
Usually explain.,Livros,Carros,Livros de Autoajuda
Music prove.,Casa e Escritório,Romances,Maquiagem de Olhos
Difference east investment deep.,Música,Perfumes,Baterias
Throw before direction large.,Automóvel,Motos,Jogos de Tabuleiro Estratégicos
Allow spring ready writer.,Informática,Carros,Jogos de Console de Ação
Year protect.,Jogos,Autoajuda,Sapatilhas de Basquete
Maybe agent.,Música,Carros,Notebooks Ultraleves
Sort table trial.,Esportes,Maquiagem,Carros Sedan
Under also.,Moda,Jogos de Console,Pianos
Yet event agent value.,Livros,Notebooks,Memórias RAM
Capital a court black.,Casa e Escritório,Roupas,Mesas
Four research miss candidate any.,Beleza,Romances,Bolas de Futebol
Everybody approach.,Esportes,Decoração,Sofás
Development party road total.,Jogos,Roupas,Jogos de Console de Ação
Table pay.,Livros,Jogos de Tabuleiro,Mesas
Somebody since card carry.,Informática,Carros,Mesas
Black produce surface if.,Jogos,Jogos de Tabuleiro,Chuteiras
Term compare hair nearly seat.,Casa e Escritório,Carros,Jogos de Console de Ação
Street analysis only scientist.,Eletrônicos,Basquete,Carros SUV
Movement father fly.,Automóvel,Discos,Jogos de Console de Esporte
Radio goal writer accept.,Livros,Basquete,Mesas
Anyone Congress arrive.,Beleza,Telefones Celulares,Perfumes Masculinos
Light relate sea.,Informática,Móveis,Maquiagem de Rosto
Pay form tend.,Música,Tablets,Notebooks Gamer
Word news worry story your.,Moda,Jogos de Tabuleiro,Processadores
So defense.,Eletrônicos,Romances,Tablets Android
Sing shake look sing benefit.,Jogos,Jogos de Tabuleiro,Notebooks Gamer
Thank article tell.,Automóvel,Jogos de Console,Sapatilhas de Basquete
Green majority view.,Esportes,Componentes,Memórias RAM
Piece might red box.,Casa e Escritório,Motos,Jogos de Console de Esporte
Discuss century kid certain.,Informática,Romances,Memórias RAM
Charge full.,Automóvel,Maquiagem,Livros de Autoajuda
Today child network although mouth.,Beleza,Instrumentos Musicais,Mesas
Over no parent.,Música,Perfumes,Cadeiras
Dog compare focus.,Jogos,Perfumes,Jogos de Tabuleiro Estratégicos
Well kitchen property actually reduce.,Esportes,Tênis,iPads
Plan anything discussion.,Eletrônicos,Notebooks,Sapatos Casuais
Raise man those be.,Esportes,Perfumes,Camisetas
Suffer technology but last.,Jogos,Sapatos,Tênis de Corrida
Skin every.,Automóvel,Jogos de Console,Mesas
Decade special most modern.,Automóvel,Instrumentos Musicais,Camisetas
Most thing southern.,Informática,Jogos de Tabuleiro,Perfumes Femininos
Author class various out.,Moda,Sapatos,Camisetas
Back tend.,Moda,Autoajuda,Notebooks Gamer
Stuff we few have.,Casa e Escritório,Tablets,Smartphones
Record outside service me.,Beleza,Tênis,Sofás
Nearly thus next.,Música,Discos,Maquiagem de Olhos
Develop determine catch.,Música,Motos,Chuteiras
Door today bit.,Jogos,Móveis,Sapatos Casuais
Fast personal go according.,Eletrônicos,Jogos de Tabuleiro,Jogos de Tabuleiro Estratégicos
Economy machine degree.,Jogos,Futebol,Livros de Romance
Firm marriage test hundred language.,Automóvel,Futebol,Maquiagem de Rosto
Wind writer.,Moda,Jogos de Tabuleiro,Carros Sedan
North energy manage.,Esportes,Romances,Mesas
Sing with city baby.,Esportes,Tênis,Raquetes de Tênis
Job education tonight site represent.,Automóvel,Romances,Sapatos Casuais
Give challenge Congress.,Jogos,Sapatos,Jogos de Console de Esporte
Growth property type develop.,Jogos,Jogos de Tabuleiro,Jogos de Tabuleiro Clássicos
Firm around understand.,Eletrônicos,Discos,Maquiagem de Olhos
Set TV article tell second.,Música,Perfumes,iPads
His source involve security.,Automóvel,Futebol,Jogos de Tabuleiro Clássicos
Issue face far event.,Informática,Jogos de Console,Baterias
Morning all author again.,Jogos,Autoajuda,Maquiagem de Olhos
Medical set class American.,Casa e Escritório,Sapatos,Perfumes Masculinos
Option pass American view.,Beleza,Tênis,Sofás
Stand least again sit.,Livros,Componentes,Discos de Pop
Surface anyone financial.,Jogos,Roupas,Smartphones
Surface case author future.,Informática,Jogos de Tabuleiro,Notebooks Ultraleves
Traditional maybe.,Informática,Jogos de Console,Discos de Vinil
Music language along.,Jogos,Carros,Perfumes Femininos
What become.,Beleza,Autoajuda,Carros SUV
But where soldier.,Música,Sapatos,Maquiagem de Olhos
Listen art interest.,Jogos,Perfumes,Baterias
Several without data window point.,Beleza,Tênis,Jogos de Console de Ação
Billion a hundred.,Esportes,Perfumes,Sapatilhas de Basquete
Your but raise television by.,Automóvel,Componentes,Notebooks Ultraleves
Central mother.,Moda,Romances,Violões
Guy people wonder.,Casa e Escritório,Futebol,Jogos de Console de Esporte
Each goal foot ability.,Livros,Romances,Carros SUV
Whom trade many then.,Moda,Sapatos,iPhones
Down eye wish could.,Jogos,Basquete,Baterias
Bit decade player scene.,Automóvel,Sapatos,Jogos de Console de Ação
Test everybody.,Jogos,Perfumes,Bolas de Futebol
Reason generation among little.,Informática,Decoração,Notebooks Ultraleves
Until remain sure.,Jogos,Instrumentos Musicais,Notebooks Ultraleves
Relationship wife east upon.,Casa e Escritório,Basquete,Violões
Final top land evidence design.,Beleza,Basquete,Maquiagem de Olhos
Catch station day appear.,Casa e Escritório,Maquiagem,Discos de Rock
Sign much garden.,Música,Basquete,Livros de Autoajuda
Pressure others.,Livros,Telefones Celulares,Sapatos Casuais
Resource wear charge add their.,Esportes,Componentes,Notebooks Ultraleves
Value off.,Automóvel,Instrumentos Musicais,Baterias
Old open defense.,Livros,Jogos de Tabuleiro,Cadeiras
Specific animal class thousand.,Esportes,Tênis,Jogos de Console de Ação
Executive agree certainly.,Automóvel,Perfumes,Memórias RAM
Practice price smile.,Casa e Escritório,Basquete,Jogos de Console de Esporte
Until skin cut.,Esportes,Jogos de Console,Processadores
Star recognize teach.,Informática,Perfumes,Motos de Passeio
Notice expert.,Música,Sapatos,Smartphones
Little wall else poor.,Esportes,Roupas,Calças
Raise forward purpose suggest.,Jogos,Basquete,Jogos de Tabuleiro Estratégicos
High once president.,Beleza,Sapatos,Sapatos Casuais
Pattern camera music him husband.,Eletrônicos,Romances,Maquiagem de Olhos
Place prepare ever.,Casa e Escritório,Autoajuda,Jogos de Tabuleiro Clássicos
Carry table get.,Esportes,Móveis,Perfumes Masculinos
Couple at still ten trip.,Casa e Escritório,Romances,Cadeiras
Sure little.,Moda,Componentes,Tênis de Corrida
Report trip look can.,Jogos,Roupas,Tablets Android
Decision great himself unit.,Beleza,Motos,Tablets Android
Growth continue full.,Moda,Basquete,Discos de Vinil
Through human air modern.,Esportes,Romances,Pianos
Evening travel trade peace within.,Eletrônicos,Jogos de Console,Cadeiras
Hold with career.,Moda,Romances,Livros de Autoajuda
American dinner election body decision.,Eletrônicos,Perfumes,Jogos de Console de Ação
Raise director determine large.,Música,Componentes,Camisetas
Hear after draw.,Esportes,Notebooks,Sofás
Process young large authority.,Casa e Escritório,Autoajuda,Sofás
Message each campaign.,Beleza,Sapatos,Perfumes Femininos
Claim skin work various dog.,Livros,Acessórios,Tablets Android
Camera party already six window.,Moda,Tablets,Perfumes Masculinos
Relate make own.,Informática,Decoração,Sapatos Casuais
Join customer official.,Esportes,Autoajuda,Discos de Pop
Woman represent campaign.,Livros,Carros,Jogos de Console de Esporte
Pretty and consider close.,Jogos,Motos,Sapatos Casuais
Risk share some meeting produce.,Informática,Basquete,Cadeiras
None open.,Música,Autoajuda,Baterias
Employee upon.,Casa e Escritório,Acessórios,Smartphones
Speak general chair score.,Livros,Autoajuda,Discos de Rock
Soon successful idea fact focus.,Jogos,Maquiagem,Maquiagem de Olhos
Finally lawyer success quickly.,Eletrônicos,Jogos de Tabuleiro,Quadros
Name range newspaper.,Moda,Jogos de Tabuleiro,Motos de Passeio
Source PM seem.,Casa e Escritório,Tablets,Sapatos de Salto
Character hair rock.,Automóvel,Basquete,Sapatilhas de Basquete
Half right water vote.,Casa e Escritório,Autoajuda,Maquiagem de Olhos
Thousand quality write.,Jogos,Sapatos,Placas de Vídeo
These bar nature.,Moda,Acessórios,Livros de Autoajuda
Top imagine.,Jogos,Jogos de Tabuleiro,Sofás
Religious detail.,Eletrônicos,Roupas,Perfumes Femininos
News campaign hot.,Casa e Escritório,Romances,Baterias
Get pass actually.,Informática,Carros,Jogos de Tabuleiro Clássicos
Like such enough enjoy.,Esportes,Roupas,Livros de Romance
Tough various road according.,Casa e Escritório,Telefones Celulares,Notebooks Ultraleves
Charge including series.,Moda,Notebooks,Raquetes de Tênis
Owner serve drug.,Livros,Decoração,Camisetas
Happy top charge college.,Jogos,Autoajuda,Memórias RAM
One base data article.,Livros,Tênis,Calças
National offer next cause.,Beleza,Acessórios,Motos Esportivas
Ready edge.,Jogos,Sapatos,Violões
Medical million experience smile.,Automóvel,Móveis,Notebooks Gamer
Late second interesting feeling.,Beleza,Jogos de Tabuleiro,Processadores
Them herself Mrs physical.,Jogos,Componentes,Smartphones
Carry later west.,Jogos,Romances,Notebooks Ultraleves
Stop democratic available call rock.,Beleza,Carros,Baterias
Fire experience.,Eletrônicos,Romances,Discos de Pop
Magazine relate include.,Eletrônicos,Acessórios,Maquiagem de Rosto
Clearly air contain myself.,Casa e Escritório,Notebooks,Cadeiras
Five campaign.,Moda,Maquiagem,iPads
Society rise hundred.,Música,Futebol,Maquiagem de Rosto
Or offer drive structure consumer.,Beleza,Roupas,iPhones
House purpose its modern wonder.,Automóvel,Sapatos,Processadores
Plan argue quality.,Casa e Escritório,Instrumentos Musicais,Maquiagem de Rosto
Prove there.,Eletrônicos,Carros,Livros de Romance
Possible to his.,Jogos,Notebooks,Jogos de Tabuleiro Estratégicos
Measure six cost.,Esportes,Autoajuda,Livros de Romance
Individual coach.,Automóvel,Romances,Notebooks Gamer
Result win.,Eletrônicos,Tênis,Raquetes de Tênis
Water article industry agreement pattern.,Eletrônicos,Sapatos,Perfumes Femininos
Capital interesting show situation.,Esportes,Componentes,Maquiagem de Rosto
East market.,Automóvel,Componentes,Jogos de Tabuleiro Clássicos
Company a bank now.,Casa e Escritório,Tênis,Placas de Vídeo
Condition fight after.,Casa e Escritório,Basquete,Notebooks Ultraleves
Wear just community hit.,Informática,Roupas,iPads
Wrong apply both.,Automóvel,Roupas,Sofás
Owner audience really nice.,Casa e Escritório,Componentes,Maquiagem de Rosto
Response indicate say race.,Livros,Romances,Pianos
Want floor sense leader decade.,Livros,Jogos de Console,Jogos de Console de Ação
Step cut.,Eletrônicos,Telefones Celulares,Livros de Autoajuda
Amount bag throw pull.,Eletrônicos,Romances,Perfumes Masculinos
Key affect.,Música,Carros,iPhones
Responsibility modern.,Livros,Decoração,Discos de Rock
Another prepare determine collection.,Casa e Escritório,Sapatos,Motos Esportivas
Wear tell week.,Jogos,Futebol,Motos de Passeio
Step if number really Republican.,Esportes,Jogos de Tabuleiro,Discos de Vinil
Lose sell three present.,Beleza,Basquete,Discos de Pop
Experience art light car.,Casa e Escritório,Perfumes,Sapatos Casuais
White dream color police prepare.,Beleza,Telefones Celulares,Sofás
Answer accept civil would.,Beleza,Futebol,Notebooks Ultraleves
Parent throw.,Beleza,Tablets,Violões
Investment hear.,Livros,Componentes,Pianos
Choose hope such thousand.,Eletrônicos,Jogos de Console,Livros de Autoajuda
Star week.,Música,Perfumes,Perfumes Femininos
Probably environmental beyond.,Música,Autoajuda,Perfumes Femininos
Head into coach probably.,Beleza,Tablets,Livros de Autoajuda
Give need.,Beleza,Romances,Jogos de Console de Esporte
Land range professor throughout.,Informática,Jogos de Console,Mesas
People evidence break feel light.,Informática,Maquiagem,Vestidos
Material former system whether.,Música,Roupas,Jogos de Console de Ação
Month kid left evening attorney.,Livros,Notebooks,Jogos de Tabuleiro Clássicos
Rate on present.,Música,Telefones Celulares,Jogos de Tabuleiro Estratégicos
Well require increase.,Informática,Romances,iPads
Myself national ok drive.,Livros,Acessórios,Camisetas
They event who however.,Automóvel,Sapatos,Livros de Romance
Any maintain remain.,Moda,Sapatos,Bolas de Futebol
Choose rock debate.,Música,Basquete,Pianos
Blood information fish.,Automóvel,Instrumentos Musicais,Livros de Autoajuda
Ball wrong blood seven.,Informática,Decoração,iPads
Inside thing huge.,Eletrônicos,Decoração,Jogos de Tabuleiro Estratégicos
Green one pull hotel.,Livros,Jogos de Tabuleiro,Jogos de Tabuleiro Clássicos
Course forget run best opportunity.,Livros,Sapatos,Maquiagem de Olhos
These north.,Eletrônicos,Móveis,Carros SUV
Away way experience another.,Moda,Decoração,iPads
Sometimes individual skill.,Beleza,Futebol,iPhones
Television significant line paper.,Música,Decoração,Livros de Romance
Out type matter.,Automóvel,Motos,Maquiagem de Rosto
Close worry meet realize speech.,Música,Instrumentos Musicais,Jogos de Tabuleiro Clássicos
Floor fall attorney along office.,Moda,Perfumes,Jogos de Tabuleiro Estratégicos
Meeting social scientist suddenly.,Informática,Perfumes,Camisetas
Understand book later response.,Eletrônicos,Futebol,iPhones
Impact affect.,Casa e Escritório,Telefones Celulares,Quadros
View wall voice use able.,Esportes,Instrumentos Musicais,Livros de Autoajuda
Safe the tend doctor.,Esportes,Jogos de Console,Jogos de Console de Ação
Play enough before nation.,Beleza,Basquete,Jogos de Console de Esporte
Arrive inside represent.,Eletrônicos,Tablets,Discos de Pop
Will dream.,Música,Discos,Baterias
Anything nearly artist similar.,Jogos,Romances,Processadores
Prepare its.,Jogos,Roupas,Maquiagem de Rosto
Culture owner him.,Jogos,Instrumentos Musicais,Perfumes Femininos
Establish how force would.,Esportes,Autoajuda,Vestidos
Include because peace recent.,Eletrônicos,Discos,Bolas de Futebol
Sense business study.,Informática,Basquete,Cadeiras
Yes study create performance almost.,Automóvel,Autoajuda,Cadeiras
Soon if.,Livros,Roupas,Maquiagem de Rosto
Issue leg various remember.,Casa e Escritório,Roupas,iPads
Often head lawyer.,Automóvel,Carros,Memórias RAM
Current social argue.,Automóvel,Tablets,Livros de Autoajuda
Own have unit mission.,Beleza,Carros,Notebooks Ultraleves
Economic beautiful sell anyone.,Jogos,Componentes,Notebooks Ultraleves
Sing chance reduce second sense.,Jogos,Notebooks,Livros de Romance
Right lose.,Beleza,Carros,Vestidos
Then data budget region clearly.,Esportes,Tablets,Motos Esportivas
Get produce edge bank.,Moda,Basquete,Notebooks Gamer
Should stock recognize.,Esportes,Futebol,Jogos de Tabuleiro Clássicos
Bar and finally organization.,Beleza,Jogos de Tabuleiro,Placas de Vídeo
Forward TV probably.,Informática,Instrumentos Musicais,Camisetas
Stay affect theory.,Livros,Autoajuda,Notebooks Gamer
Night away authority.,Beleza,Notebooks,Sapatilhas de Basquete
Able follow fall.,Moda,Jogos de Tabuleiro,Processadores
Interesting out item fear.,Moda,Discos,Calças
Kitchen class.,Música,Móveis,Sapatilhas de Basquete
Expect professor right.,Casa e Escritório,Móveis,Jogos de Console de Esporte
Mission head school trade.,Casa e Escritório,Perfumes,Notebooks Gamer
Gun follow discover choose.,Moda,Acessórios,Smartphones
Grow pick assume even reflect.,Livros,Jogos de Tabuleiro,Perfumes Masculinos
Relate realize.,Esportes,Tablets,Baterias
Side career particular computer.,Jogos,Jogos de Tabuleiro,Livros de Romance
Continue white save south.,Automóvel,Roupas,Tênis de Corrida
Least consider him power.,Jogos,Tablets,Smartphones
Wife his reason reveal begin.,Música,Acessórios,Livros de Romance
Build treat low.,Beleza,Autoajuda,Sapatos de Salto
Dog explain television.,Música,Autoajuda,Sofás
Week future hard.,Moda,Acessórios,Cadeiras
Floor speak sit feeling million.,Automóvel,Carros,Sapatilhas de Basquete
Above reason only read feeling.,Casa e Escritório,Maquiagem,iPads
Per imagine.,Moda,Discos,Notebooks Gamer
Research model listen.,Livros,Jogos de Tabuleiro,Sapatos Casuais
Organization dog place.,Música,Perfumes,Notebooks Gamer
Space instead take.,Esportes,Notebooks,Memórias RAM
Still stay gas.,Automóvel,Jogos de Console,Bolas de Futebol
Message pattern up.,Livros,Futebol,Pianos
Out kind standard.,Automóvel,Telefones Celulares,Smartphones
Measure view woman.,Livros,Acessórios,Motos de Passeio
Then you partner hospital.,Beleza,Móveis,Maquiagem de Olhos
Off type design sometimes.,Livros,Autoajuda,Discos de Pop
Open full miss.,Eletrônicos,Futebol,Perfumes Masculinos
Relate environmental.,Automóvel,Motos,Carros Sedan
Stuff power stay thought attack.,Livros,Tablets,Quadros
Any customer fall.,Eletrônicos,Sapatos,Perfumes Femininos
Score several conference better.,Beleza,Romances,Sofás
Floor because value most.,Moda,Carros,Tablets Android
Middle paper event industry people.,Esportes,Tênis,Memórias RAM
Blue decision when education north.,Casa e Escritório,Discos,Sapatos de Salto
Nature left author suddenly let.,Esportes,Autoajuda,Raquetes de Tênis
Result move.,Esportes,Autoajuda,Placas de Vídeo
Community too right.,Automóvel,Telefones Celulares,Notebooks Ultraleves
He occur art.,Beleza,Telefones Celulares,iPhones
News too loss present.,Música,Basquete,Sapatilhas de Basquete
Rather against strong.,Automóvel,Móveis,Sofás
List born room debate.,Casa e Escritório,Jogos de Console,Jogos de Console de Esporte
Lot animal catch agent.,Moda,Tênis,Vestidos
Can offer ball should amount.,Beleza,Roupas,Motos Esportivas
Personal book simply.,Automóvel,Romances,Processadores
Clear control away share.,Informática,Sapatos,Discos de Vinil
Either road speech trade.,Beleza,Acessórios,Mesas
Hundred season power whole.,Beleza,Tênis,Motos de Passeio
Become me need control.,Informática,Tênis,Smartphones
Anyone ago artist education system.,Automóvel,Roupas,Jogos de Console de Esporte
Door trial general find.,Moda,Autoajuda,Jogos de Console de Esporte
Question million right.,Música,Autoajuda,Tênis de Corrida
Be career issue.,Automóvel,Futebol,Motos de Passeio
Indicate most this.,Beleza,Motos,Sapatilhas de Basquete
Without care somebody them.,Informática,Componentes,Chuteiras
Young anything bed.,Automóvel,Sapatos,Motos de Passeio
List west least.,Esportes,Instrumentos Musicais,Notebooks Gamer
Data table seem.,Esportes,Sapatos,Jogos de Console de Esporte
Government coach side.,Livros,Tablets,Jogos de Tabuleiro Estratégicos
Music future those market.,Moda,Jogos de Tabuleiro,Smartphones
Increase let.,Esportes,Maquiagem,Jogos de Tabuleiro Clássicos
Modern yet whether voice.,Música,Jogos de Console,Livros de Romance
Expert red once almost another.,Livros,Futebol,Jogos de Tabuleiro Clássicos
Their recently none actually event.,Livros,Jogos de Tabuleiro,Notebooks Gamer
Risk method not without.,Casa e Escritório,Jogos de Tabuleiro,Violões
Subject well entire.,Música,Perfumes,Perfumes Femininos
Throughout loss paper heavy away.,Informática,Jogos de Tabuleiro,Livros de Autoajuda
Community determine change meeting Mrs.,Beleza,Motos,Memórias RAM
Beautiful collection large.,Eletrônicos,Basquete,Livros de Romance
Couple choice ok.,Informática,Discos,Sofás
Heart speech animal relationship.,Esportes,Perfumes,iPhones
Upon attack rule suddenly.,Música,Perfumes,Mesas
Arm offer hair brother red.,Moda,Autoajuda,Jogos de Console de Ação
Idea national.,Livros,Componentes,Discos de Pop
Provide serve.,Eletrônicos,Sapatos,Maquiagem de Rosto
Site nice everyone collection.,Jogos,Autoajuda,Calças
Language blood city form.,Casa e Escritório,Móveis,Motos de Passeio
Activity country light.,Livros,Decoração,Jogos de Tabuleiro Clássicos
Daughter material recognize.,Livros,Instrumentos Musicais,Processadores
Big attorney possible.,Música,Jogos de Console,Mesas
Shake nature lay red picture.,Esportes,Autoajuda,Discos de Vinil
Agree fight start.,Moda,Jogos de Console,Notebooks Ultraleves
Popular color rise.,Casa e Escritório,Futebol,Discos de Rock
Around wear brother threat defense.,Moda,Maquiagem,Calças
Next nice himself away.,Casa e Escritório,Instrumentos Musicais,Jogos de Console de Esporte
Include social brother.,Informática,Tênis,Carros SUV
Statement receive growth among.,Esportes,Decoração,iPhones
Glass very later suggest national.,Informática,Jogos de Console,Tênis de Corrida
Smile claim.,Automóvel,Jogos de Tabuleiro,Baterias
Long old body two.,Eletrônicos,Futebol,Jogos de Console de Ação
Face whether five pay.,Eletrônicos,Acessórios,Camisetas
Picture alone.,Jogos,Motos,Bolas de Futebol
Various fine.,Eletrônicos,Discos,Camisetas
Skill course catch summer.,Casa e Escritório,Decoração,iPads
Throughout against.,Livros,Carros,Violões
Fear oil image and.,Informática,Basquete,Jogos de Tabuleiro Estratégicos
Million decade get.,Música,Notebooks,Sofás
Public most which while.,Automóvel,Futebol,Discos de Rock
Tonight wide.,Casa e Escritório,Futebol,Smartphones
Save ask ago.,Livros,Discos,Jogos de Tabuleiro Clássicos
